{"cameraMode":{"drawMode":0,"name":"Shaded","section":"Shading Mode"},"sceneLighting":true,"audioPlay":false,"sceneViewState":{"m_AlwaysRefresh":false,"showFog":true,"showSkybox":true,"showFlares":true,"showImageEffects":true,"showParticleSystems":true,"showVisualEffectGraphs":true,"m_FxEnabled":true},"in2DMode":false,"pivot":{"x":415.5863342285156,"y":-10.313081741333008,"z":50.03392791748047},"rotation":{"x":0.30323612689971926,"y":0.37068426609039309,"z":-0.12945912778377534,"w":0.8682681918144226},"size":21.341663360595704,"orthographic":false}