{"cameraMode":{"drawMode":0,"name":"Shaded","section":"Shading Mode"},"sceneLighting":true,"audioPlay":false,"sceneViewState":{"m_AlwaysRefresh":false,"showFog":true,"showSkybox":true,"showFlares":true,"showImageEffects":true,"showParticleSystems":true,"showVisualEffectGraphs":true,"m_FxEnabled":true},"in2DMode":false,"pivot":{"x":400.55059814453127,"y":-18.534822463989259,"z":38.521339416503909},"rotation":{"x":0.2115526795387268,"y":-0.7625056505203247,"z":0.30411288142204287,"w":0.5304324626922607},"size":26.19777488708496,"orthographic":false}