{"cameraMode":{"drawMode":0,"name":"Shaded","section":"Shading Mode"},"sceneLighting":true,"audioPlay":false,"sceneViewState":{"m_AlwaysRefresh":false,"showFog":true,"showSkybox":true,"showFlares":true,"showImageEffects":true,"showParticleSystems":true,"showVisualEffectGraphs":true,"m_FxEnabled":true},"in2DMode":false,"pivot":{"x":-0.42360034584999087,"y":0.48291635513305666,"z":89.85393524169922},"rotation":{"x":0.025493169203400613,"y":-0.01799299195408821,"z":0.00045921705896034837,"w":0.9995158314704895},"size":6.002065658569336,"orthographic":true}